	Accuracy	Classifier	F-Score	Precision	Recall	Time
0	0.8279807506829172	ExtraTreesClassifier	0.8255186955198519	0.833628841864592	0.8279807506829172	0.00044701213469695324
