	Accuracy	Classifier	F-Score	Precision	Recall	Time
0	0.7897137701008669	ExtraTreesClassifier	0.7790974567225242	0.7981471475876646	0.7897137701008669	0.0013111936978730488
